<?xml version="1.0" encoding="UTF-8"?>
<!DOCTYPE preferences SYSTEM "http://java.sun.com/dtd/preferences.dtd">
<preferences EXTERNAL_XML_VERSION="1.0">
<root type="user">
<map/>
<node name="org">
<map/>
<node name="jabref">
<map>
<entry key="KeyPatternRegex" value=""/>
<entry key="KeyPatternReplacement" value=""/>
<entry key="abbrAuthorNames" value="true"/>
<entry key="activeFieldEditorBackgroundColor" value="220:220:255"/>
<entry key="adobeAcrobatCommand" value=""/>
<entry key="allowFileAutoOpenBrowse" value="true"/>
<entry key="arxivColumn" value="false"/>
<entry key="askedCollectTelemetry" value="true"/>
<entry key="autoAssignGroup" value="true"/>
<entry key="autoCompFF" value="false"/>
<entry key="autoCompFirstNameMode" value="BOTH"/>
<entry key="autoCompLF" value="false"/>
<entry key="autoComplete" value="false"/>
<entry key="autoCompleteFields" value="author;editor;title;journal;publisher;keywords;crossref;related;entryset"/>
<entry key="autoOpenForm" value="true"/>
<entry key="autoResizeMode" value="4"/>
<entry key="autolinkExactKeyOnly" value="false"/>
<entry key="avoidOverwritingKey" value="false"/>
<entry key="backup" value="true"/>
<entry key="bibLocAsPrimaryDir" value="false"/>
<entry key="biblatexMode" value="false"/>
<entry key="bindings" value=""/>
<entry key="citeCommand" value="\cite"/>
<entry key="collectTelemetry" value="false"/>
<entry key="confirmDelete" value="true"/>
<entry key="consoleCommand" value=""/>
<entry key="customTabFields_0" value="annote;crossref;note;language;url;urldate;owner;timestamp;file"/>
<entry key="customTabFields_1" value="abstract"/>
<entry key="customTabFields_2" value="comment"/>
<entry key="customTabName_0" value="General"/>
<entry key="customTabName_1" value="Abstract"/>
<entry key="customTabName_2" value="Comments"/>
<entry key="cyclePreview" value="Preview"/>
<entry key="cyclePreviewPos" value="0"/>
<entry key="defaultBibtexKeyPattern" value="[auth][year]"/>
<entry key="defaultEncoding" value="UTF-8"/>
<entry key="defaultOwner" value="karsten"/>
<entry key="defaultShowSource" value="false"/>
<entry key="doNotResolveStringsFor" value="url"/>
<entry key="emailSubject" value="References"/>
<entry key="enforceLegalBibtexKey" value="true"/>
<entry key="entryEditorHeight" value="466"/>
<entry key="exportInOriginalOrder" value="false"/>
<entry key="exportInSpecifiedOrder" value="false"/>
<entry key="exportPriDescending" value="false"/>
<entry key="exportPriSort" value="bibtexkey"/>
<entry key="exportSecDescending" value="false"/>
<entry key="exportSecSort" value="author"/>
<entry key="exportTerDescending" value="true"/>
<entry key="exportTerSort" value="title"/>
<entry key="extraFileColumns" value="false"/>
<entry key="fieldEditorTextColor" value="0:0:0"/>
<entry key="fileColumn" value="true"/>
<entry key="fileDirectory" value=""/>
<entry key="floatMarkedEntries" value="true"/>
<entry key="fontFamily" value="SansSerif"/>
<entry key="fontSize" value="12"/>
<entry key="fontStyle" value="0"/>
<entry key="fxFontRenderingTweak" value="true"/>
<entry key="generateKeysAfterInspection" value="true"/>
<entry key="generateKeysBeforeSaving" value="false"/>
<entry key="grayOutNonHits" value="true"/>
<entry key="gridColor" value="210:210:210"/>
<entry key="groupEditGroupMembershipMode" value="false"/>
<entry key="groupExpandTree" value="true"/>
<entry key="groupIntersectSelections" value="false"/>
<entry key="groupKeywordSeparator" value=", "/>
<entry key="groupShowDynamic" value="true"/>
<entry key="groupShowIcons" value="true"/>
<entry key="groupsDefaultField" value="keywords"/>
<entry key="iconDisabledColor" value="200:200:200"/>
<entry key="iconEnabledColor" value="79:95:143"/>
<entry key="importAlwaysUsePDFImportStyle" value="false"/>
<entry key="importDefaultPDFimportStyle" value="2"/>
<entry key="importFileDirPattern" value=""/>
<entry key="importFileNamePattern" value="[bibtexkey] - [fulltitle]"/>
<entry key="incompleteEntryBackground" value="250:175:175"/>
<entry key="invalidFieldBackgroundColor" value="255:0:0"/>
<entry key="keyGenAlwaysAddLetter" value="false"/>
<entry key="keyGenFirstLetterA" value="true"/>
<entry key="lastEdited" value="/vol/home/karsten.1804/GITS/world/mycsrf/examples/humanities.de/bib/literature.bib"/>
<entry key="lastFocused" value="/vol/home/karsten.1804/GITS/world/mycsrf/examples/humanities.de/bib/literature.bib"/>
<entry key="listOfFileColumns" value=""/>
<entry key="localAutoSave" value="false"/>
<entry key="lookAndFeel" value="javax.swing.plaf.metal.MetalLookAndFeel"/>
<entry key="mainWindowPosX" value="248"/>
<entry key="mainWindowPosY" value="32"/>
<entry key="mainWindowSizeX" value="1433"/>
<entry key="mainWindowSizeY" value="852"/>
<entry key="markImportedEntries" value="true"/>
<entry key="markedEntryBackground0" value="255:255:180"/>
<entry key="markedEntryBackground1" value="255:220:180"/>
<entry key="markedEntryBackground2" value="255:180:160"/>
<entry key="markedEntryBackground3" value="255:120:120"/>
<entry key="markedEntryBackground4" value="255:75:75"/>
<entry key="markedEntryBackground5" value="220:255:220"/>
<entry key="memoryStickMode" value="false"/>
<entry key="namesAsIs" value="false"/>
<entry key="namesFf" value="false"/>
<entry key="namesLastOnly" value="false"/>
<entry key="namesNatbib" value="true"/>
<entry key="newline" value="&#10;"/>
<entry key="openFoldersOfAttachedFiles" value="false"/>
<entry key="openLastEdited" value="true"/>
<entry key="overrideDefaultFonts" value="false"/>
<entry key="overwriteOwner" value="false"/>
<entry key="overwriteTimeStamp" value="false"/>
<entry key="preferUrlDoi" value="false"/>
<entry key="prefsExportPath" value="/vol/home/karsten.1804/GITS/world/mycsrf/source/en/jabref.pref-3x.xml"/>
<entry key="previewEnabled" value="true"/>
<entry key="previewPanelHeight" value="112"/>
<entry key="previewStyle" value="&lt;font face=&quot;sans-serif&quot;&gt;&lt;b&gt;&lt;i&gt;\bibtextype&lt;/i&gt;&lt;a name=&quot;\bibtexkey&quot;&gt;\begin{bibtexkey} (\bibtexkey)&lt;/a&gt;\end{bibtexkey}&lt;/b&gt;&lt;br&gt;__NEWLINE__\begin{author} \format[Authors(LastFirst,Initials,Semicolon,Amp),HTMLChars]{\author}&lt;BR&gt;\end{author}__NEWLINE__\begin{editor} \format[Authors(LastFirst,Initials,Semicolon,Amp),HTMLChars]{\editor} &lt;i&gt;(\format[IfPlural(Eds.,Ed.)]{\editor})&lt;/i&gt;&lt;BR&gt;\end{editor}__NEWLINE__\begin{title} \format[HTMLChars]{\title} \end{title}&lt;BR&gt;__NEWLINE__\begin{chapter} \format[HTMLChars]{\chapter}&lt;BR&gt;\end{chapter}__NEWLINE__\begin{journal} &lt;em&gt;\format[HTMLChars]{\journal}, &lt;/em&gt;\end{journal}__NEWLINE__\begin{booktitle} &lt;em&gt;\format[HTMLChars]{\booktitle}, &lt;/em&gt;\end{booktitle}__NEWLINE__\begin{school} &lt;em&gt;\format[HTMLChars]{\school}, &lt;/em&gt;\end{school}__NEWLINE__\begin{institution} &lt;em&gt;\format[HTMLChars]{\institution}, &lt;/em&gt;\end{institution}__NEWLINE__\begin{publisher} &lt;em&gt;\format[HTMLChars]{\publisher}, &lt;/em&gt;\end{publisher}__NEWLINE__\begin{year}&lt;b&gt;\year&lt;/b&gt;\end{year}\begin{volume}&lt;i&gt;, \volume&lt;/i&gt;\end{volume}\begin{pages}, \format[FormatPagesForHTML]{\pages} \end{pages}__NEWLINE__\begin{abstract}&lt;BR&gt;&lt;BR&gt;&lt;b&gt;Abstract: &lt;/b&gt; \format[HTMLChars]{\abstract} \end{abstract}__NEWLINE__\begin{review}&lt;BR&gt;&lt;BR&gt;&lt;b&gt;Review: &lt;/b&gt; \format[HTMLChars]{\review} \end{review}&lt;/dd&gt;__NEWLINE__&lt;p&gt;&lt;/p&gt;&lt;/font&gt;"/>
<entry key="priDescending" value="false"/>
<entry key="priSort" value="author/editor"/>
<entry key="proxyHostname" value=""/>
<entry key="proxyPassword" value=""/>
<entry key="proxyPort" value="80"/>
<entry key="proxyUsername" value=""/>
<entry key="pushToApplication" value="TeXstudio"/>
<entry key="recentDatabases" value="/vol/home/karsten.1804/GITS/world/mycsrf/examples/humanities.de/bib/literature.bib;/vol/home/karsten.1804/GITS/world/oslic/bibfiles/oscResourcesEn.bib;/vol/home/karsten.1804/GITS/world/mycsrf/mycsrf-musictex/bib/literature.bib;/vol/home/karsten.1804/GITS/world/oslic/bibfiles/oscXtras.bib;/vol/home/karsten.1804/GITS/world/mycsrf/mycsrf/bib/literature.bib;/vol/home/karsten.1804/GITS/world/mycsrf/sys/source/en/literature.bib;/vol/home/karsten.1804/GITS/world/mycsrf/bibfiles/mycsrfResourcesEn.bib;/vol/home/karsten.1804/GITS/world/mycsrf/sys/mycsrf/bib/literature.bib"/>
<entry key="reformatFileOnSaveAndExport" value="false"/>
<entry key="remoteServerPort" value="6050"/>
<entry key="resolveStringsAllFields" value="false"/>
<entry key="runAutomaticFileSearch" value="false"/>
<entry key="secDescending" value="false"/>
<entry key="secSort" value=""/>
<entry key="shortestToComplete" value="1"/>
<entry key="showRecommendations" value="true"/>
<entry key="tableBackground" value="255:255:255"/>
<entry key="tableColorCodesOn" value="false"/>
<entry key="tableOptFieldBackground" value="230:255:230"/>
<entry key="tableReqFieldBackground" value="230:235:255"/>
<entry key="tableResolvedColorCodesOn" value="false"/>
<entry key="tableResolvedFieldBackground" value="240:240:240"/>
<entry key="tableRowPadding" value="9"/>
<entry key="tableShowGrid" value="false"/>
<entry key="tableText" value="0:0:0"/>
<entry key="terDescending" value="false"/>
<entry key="terSort" value=""/>
<entry key="timeStampField" value="timestamp"/>
<entry key="timeStampFormat" value="yyyy-MM-dd"/>
<entry key="toolbarVisible" value="true"/>
<entry key="unmarkAllEntriesBeforeImporting" value="true"/>
<entry key="updateTimestamp" value="false"/>
<entry key="urlColumn" value="true"/>
<entry key="useCaseKeeperOnSearch" value="true"/>
<entry key="useDefaultConsoleApplication" value="true"/>
<entry key="useDefaultLookAndFeel" value="false"/>
<entry key="useOwner" value="false"/>
<entry key="useProxy" value="false"/>
<entry key="useProxyAuthentication" value="false"/>
<entry key="useRegExpSearch" value="false"/>
<entry key="useRemoteServer" value="true"/>
<entry key="useTimeStamp" value="false"/>
<entry key="useUnitFormatterOnSearch" value="true"/>
<entry key="useXmpPrivacyFilter" value="false"/>
<entry key="validFieldBackgroundColor" value="255:255:255"/>
<entry key="validateInEntryEditor" value="true"/>
<entry key="warnAboutDuplicatesInInspection" value="true"/>
<entry key="warnBeforeOverwritingKey" value="true"/>
<entry key="windowMaximised" value="false"/>
<entry key="workingDirectory" value="/vol/home/karsten.1804/GITS/world/mycsrf/examples/humanities.de/bib"/>
</map>
<node name="bibtexkeypatterns">
<map/>
</node>
<node name="customizedBiblatexTypes">
<map>
<entry key="Article" value="jabref-entrytype: Article: req[author;title;journal/journaltitle;year/date;shorttitle] opt[subtitle;editor;series;volume;number;eid;issue;pages;note;issn;doi;eprint;eprintclass;eprinttype;url;urldate;translator;annotator;commentator;titleaddon;editora;editorb;editorc;journalsubtitle;issuetitle;issuesubtitle;language;origlanguage;month;version;addendum;pubstate]"/>
<entry key="Book" value="jabref-entrytype: Book: req[author;title;year/date;shorttitle] opt[editor;subtitle;titleaddon;maintitle;mainsubtitle;maintitleaddon;volume;edition;publisher;isbn;chapter;pages;pagetotal;doi;eprint;eprintclass;eprinttype;url;urldate;editora;editorb;editorc;translator;annotator;commentator;introduction;foreword;afterword;language;origlanguage;part;volumes;series;number;note;location;addendum;pubstate]"/>
<entry key="Bookinbook" value="jabref-entrytype: Bookinbook: req[author;title;booktitle;year/date;shorttitle] opt[bookauthor;editor;subtitle;titleaddon;maintitle;mainsubtitle;maintitleaddon;booksubtitle;booktitleaddon;volume;edition;publisher;isbn;chapter;pages;doi;eprint;eprintclass;eprinttype;url;urldate;editora;editorb;editorc;translator;annotator;commentator;introduction;foreword;afterword;language;origlanguage;part;volumes;series;number;note;location;addendum;pubstate]"/>
<entry key="Booklet" value="jabref-entrytype: Booklet: req[author/editor;title;year/date;shorttitle] opt[subtitle;titleaddon;howpublished;chapter;pages;doi;eprint;eprintclass;eprinttype;url;urldate;language;type;note;location;pagetotal;addendum;pubstate]"/>
<entry key="Collection" value="jabref-entrytype: Collection: req[editor;title;year/date;shorttitle] opt[translator;subtitle;titleaddon;maintitle;mainsubtitle;maintitleaddon;volume;edition;publisher;isbn;chapter;pages;doi;eprint;eprintclass;eprinttype;url;urldate;editora;editorb;editorc;annotator;commentator;introduction;foreword;afterword;language;origlanguage;part;volumes;series;number;note;location;pagetotal;addendum;pubstate]"/>
<entry key="Conference" value="jabref-entrytype: Conference: req[author;title;booktitle;year/date;shorttitle] opt[subtitle;titleaddon;maintitle;mainsubtitle;maintitleaddon;booksubtitle;booktitleaddon;eventtitle;volume;publisher;isbn;chapter;pages;doi;eprint;eprintclass;eprinttype;url;urldate;editor;eventtitleaddon;eventdate;venue;language;part;volumes;series;number;note;organization;location;month;addendum;pubstate]"/>
<entry key="Electronic" value="jabref-entrytype: Electronic: req[author/editor;title;year/date;url;shorttitle] opt[subtitle;titleaddon;note;organization;urldate;language;version;month;addendum;pubstate]"/>
<entry key="Ieeetranbstctl" value="jabref-entrytype: Ieeetranbstctl: req[shorttitle] opt[ctluse_article_number;ctluse_paper;ctluse_forced_etal;ctluse_url;ctlmax_names_forced_etal;ctlnames_show_etal;ctluse_alt_spacing;ctlalt_stretch_factor;ctldash_repeated_names;ctlname_format_string;ctlname_latex_cmd;ctlname_url_prefix]"/>
<entry key="Inbook" value="jabref-entrytype: Inbook: req[author;title;booktitle;year/date;shorttitle] opt[bookauthor;editor;subtitle;titleaddon;maintitle;mainsubtitle;maintitleaddon;booksubtitle;booktitleaddon;volume;edition;publisher;isbn;chapter;pages;doi;eprint;eprintclass;eprinttype;url;urldate;editora;editorb;editorc;translator;annotator;commentator;introduction;foreword;afterword;language;origlanguage;part;volumes;series;number;note;location;addendum;pubstate]"/>
<entry key="Incollection" value="jabref-entrytype: Incollection: req[author;title;booktitle;year/date;shorttitle] opt[translator;subtitle;titleaddon;maintitle;mainsubtitle;maintitleaddon;booksubtitle;booktitleaddon;volume;edition;publisher;isbn;chapter;pages;doi;eprint;eprintclass;eprinttype;url;urldate;editor;editora;editorb;editorc;annotator;commentator;introduction;foreword;afterword;language;origlanguage;part;volumes;series;number;note;location;addendum;pubstate]"/>
<entry key="Inproceedings" value="jabref-entrytype: Inproceedings: req[author;title;booktitle;year/date;shorttitle] opt[subtitle;titleaddon;maintitle;mainsubtitle;maintitleaddon;booksubtitle;booktitleaddon;eventtitle;volume;publisher;isbn;chapter;pages;doi;eprint;eprintclass;eprinttype;url;urldate;editor;eventtitleaddon;eventdate;venue;language;part;volumes;series;number;note;organization;location;month;addendum;pubstate]"/>
<entry key="Inreference" value="jabref-entrytype: Inreference: req[author;title;booktitle;year/date;shorttitle] opt[translator;subtitle;titleaddon;maintitle;mainsubtitle;maintitleaddon;booksubtitle;booktitleaddon;volume;edition;publisher;isbn;chapter;pages;doi;eprint;eprintclass;eprinttype;url;urldate;editor;editora;editorb;editorc;annotator;commentator;introduction;foreword;afterword;language;origlanguage;part;volumes;series;number;note;location;addendum;pubstate]"/>
<entry key="Manual" value="jabref-entrytype: Manual: req[author/editor;title;year/date;shorttitle] opt[subtitle;titleaddon;edition;publisher;isbn;chapter;pages;doi;eprint;eprintclass;eprinttype;url;urldate;language;type;series;number;version;note;organization;location;pagetotal;addendum;pubstate]"/>
<entry key="Mastersthesis" value="jabref-entrytype: Mastersthesis: req[author;title;institution;year/date;shorttitle] opt[subtitle;titleaddon;type;chapter;pages;pagetotal;doi;eprint;eprintclass;eprinttype;url;urldate;language;note;location;month;isbn;addendum;pubstate]"/>
<entry key="Misc" value="jabref-entrytype: Misc: req[author/editor;title;year/date;shorttitle] opt[subtitle;titleaddon;howpublished;location;doi;eprint;eprintclass;eprinttype;url;urldate;language;type;version;note;organization;month;addendum;pubstate]"/>
<entry key="Mvbook" value="jabref-entrytype: Mvbook: req[author;title;year/date;shorttitle] opt[editor;subtitle;titleaddon;edition;publisher;isbn;pagetotal;doi;eprint;eprintclass;eprinttype;url;urldate;editora;editorb;editorc;translator;annotator;commentator;introduction;foreword;afterword;language;origlanguage;volumes;series;number;note;location;addendum;pubstate]"/>
<entry key="Mvcollection" value="jabref-entrytype: Mvcollection: req[editor;title;year/date;shorttitle] opt[translator;subtitle;titleaddon;edition;publisher;isbn;doi;eprint;eprintclass;eprinttype;url;urldate;editora;editorb;editorc;annotator;commentator;introduction;foreword;afterword;language;origlanguage;volumes;series;number;note;location;pagetotal;addendum;pubstate]"/>
<entry key="Mvproceedings" value="jabref-entrytype: Mvproceedings: req[title;year/date;shorttitle] opt[subtitle;titleaddon;maintitle;mainsubtitle;maintitleaddon;eventtitle;volume;publisher;isbn;chapter;pages;pagetotal;doi;eprint;eprintclass;eprinttype;url;urldate;editor;eventtitleaddon;eventdate;venue;language;volumes;series;number;note;organization;location;month;addendum;pubstate]"/>
<entry key="Mvreference" value="jabref-entrytype: Mvreference: req[editor;title;year/date;shorttitle] opt[translator;subtitle;titleaddon;edition;publisher;isbn;doi;eprint;eprintclass;eprinttype;url;urldate;editora;editorb;editorc;annotator;commentator;introduction;foreword;afterword;language;origlanguage;volumes;series;number;note;location;pagetotal;addendum;pubstate]"/>
<entry key="Online" value="jabref-entrytype: Online: req[author/editor;title;year/date;url;shorttitle] opt[subtitle;titleaddon;note;organization;urldate;language;version;month;addendum;pubstate]"/>
<entry key="Patent" value="jabref-entrytype: Patent: req[author;title;number;year/date;shorttitle] opt[holder;subtitle;titleaddon;doi;eprint;eprintclass;eprinttype;url;urldate;type;version;location;note;month;addendum;pubstate]"/>
<entry key="Periodical" value="jabref-entrytype: Periodical: req[editor;title;year/date;shorttitle] opt[subtitle;issuetitle;issuesubtitle;issn;doi;eprint;eprintclass;eprinttype;url;urldate;editora;editorb;editorc;language;series;volume;number;issue;month;note;addendum;pubstate]"/>
<entry key="Phdthesis" value="jabref-entrytype: Phdthesis: req[author;title;institution;year/date;shorttitle] opt[subtitle;titleaddon;type;chapter;pages;pagetotal;doi;eprint;eprintclass;eprinttype;url;urldate;language;note;location;month;isbn;addendum;pubstate]"/>
<entry key="Proceedings" value="jabref-entrytype: Proceedings: req[title;year/date;shorttitle] opt[subtitle;titleaddon;maintitle;mainsubtitle;maintitleaddon;eventtitle;volume;publisher;isbn;chapter;pages;pagetotal;doi;eprint;eprintclass;eprinttype;url;urldate;editor;eventtitleaddon;eventdate;venue;language;part;volumes;series;number;note;organization;location;month;year;addendum;pubstate]"/>
<entry key="Reference" value="jabref-entrytype: Reference: req[editor;title;year/date;shorttitle] opt[translator;subtitle;titleaddon;maintitle;mainsubtitle;maintitleaddon;volume;edition;publisher;isbn;chapter;pages;doi;eprint;eprintclass;eprinttype;url;urldate;editora;editorb;editorc;annotator;commentator;introduction;foreword;afterword;language;origlanguage;part;volumes;series;number;note;location;pagetotal;addendum;pubstate]"/>
<entry key="Report" value="jabref-entrytype: Report: req[author;title;type;institution;year/date;shorttitle] opt[subtitle;titleaddon;number;isrn;chapter;pages;pagetotal;doi;eprint;eprintclass;eprinttype;url;urldate;language;version;note;location;month;addendum;pubstate]"/>
<entry key="Set" value="jabref-entrytype: Set: req[entryset;crossref;shorttitle] opt[]"/>
<entry key="Suppbook" value="jabref-entrytype: Suppbook: req[author;title;booktitle;year/date;shorttitle] opt[bookauthor;editor;subtitle;titleaddon;maintitle;mainsubtitle;maintitleaddon;booksubtitle;booktitleaddon;volume;edition;publisher;isbn;chapter;pages;doi;eprint;eprintclass;eprinttype;url;urldate;editora;editorb;editorc;translator;annotator;commentator;introduction;foreword;afterword;language;origlanguage;part;volumes;series;number;note;location;addendum;pubstate]"/>
<entry key="Suppcollection" value="jabref-entrytype: Suppcollection: req[author;title;booktitle;year/date;shorttitle] opt[translator;subtitle;titleaddon;maintitle;mainsubtitle;maintitleaddon;booksubtitle;booktitleaddon;volume;edition;publisher;isbn;chapter;pages;doi;eprint;eprintclass;eprinttype;url;urldate;editor;editora;editorb;editorc;annotator;commentator;introduction;foreword;afterword;language;origlanguage;part;volumes;series;number;note;location;addendum;pubstate]"/>
<entry key="Suppperiodical" value="jabref-entrytype: Suppperiodical: req[author;title;journal/journaltitle;year/date;shorttitle] opt[subtitle;editor;series;volume;number;eid;issue;pages;note;issn;doi;eprint;eprintclass;eprinttype;url;urldate;translator;annotator;commentator;titleaddon;editora;editorb;editorc;journalsubtitle;issuetitle;issuesubtitle;language;origlanguage;month;version;addendum;pubstate]"/>
<entry key="Techreport" value="jabref-entrytype: Techreport: req[author;title;institution;year/date;shorttitle] opt[subtitle;titleaddon;type;number;isrn;chapter;pages;pagetotal;doi;eprint;eprintclass;eprinttype;url;urldate;language;version;note;location;month;addendum;pubstate]"/>
<entry key="Thesis" value="jabref-entrytype: Thesis: req[author;title;type;institution;year/date;shorttitle] opt[subtitle;titleaddon;chapter;pages;pagetotal;doi;eprint;eprintclass;eprinttype;url;urldate;language;note;location;month;isbn;addendum;pubstate]"/>
<entry key="Unpublished" value="jabref-entrytype: Unpublished: req[author;title;year/date;shorttitle] opt[subtitle;titleaddon;howpublished;pubstate;url;urldate;language;note;location;month;addendum]"/>
<entry key="Www" value="jabref-entrytype: Www: req[author/editor;title;year/date;url;shorttitle] opt[subtitle;titleaddon;note;organization;urldate;language;version;month;addendum;pubstate]"/>
</map>
</node>
<node name="customizedBibtexTypes">
<map>
<entry key="Article" value="jabref-entrytype: Article: req[author;title;journal;year;shorttitle] opt[volume;number;pages;month;issn]"/>
<entry key="Book" value="jabref-entrytype: Book: req[author;title;year;shorttitle] opt[volume;number;series;address;edition;isbn;publisher]"/>
<entry key="Booklet" value="jabref-entrytype: Booklet: req[title] opt[author;howpublished;address;month;year]"/>
<entry key="Conference" value="jabref-entrytype: Conference: req[author;title;booktitle;year] opt[editor;volume;number;series;pages;address;month;organization;publisher]"/>
<entry key="Electronic" value="jabref-entrytype: Electronic: req[] opt[author;month;year;title;howpublished;organization;address;url;urldate]"/>
<entry key="Inbook" value="jabref-entrytype: Inbook: req[chapter/pages;title;publisher;year;author/editor] opt[volume;number;series;type;address;edition;month;isbn]"/>
<entry key="Incollection" value="jabref-entrytype: Incollection: req[author;title;booktitle;publisher;year] opt[editor;volume;number;series;type;chapter;pages;address;edition;month;isbn]"/>
<entry key="Inproceedings" value="jabref-entrytype: Inproceedings: req[author;title;booktitle;year;shorttitle] opt[editor;volume;number;series;pages;address;month;organization;publisher;crossref]"/>
<entry key="Proceedings" value="jabref-entrytype: Proceedings: req[title;year;shorttitle] opt[editor;volume;number;series;address;publisher;month;organization;isbn]"/>
<entry key="Standard" value="jabref-entrytype: Standard: req[title;organization/institution] opt[author;language;howpublished;type;number;revision;address;month;year;note;url]"/>
</map>
</node>
<node name="labelPattern">
<map/>
</node>
</node>
</node>
</root>
</preferences>
